id,dur,proto,service,state,spkts,dpkts,sbytes,dbytes,rate,sttl,dttl,sload,dload,sloss,dloss,sinpkt,dinpkt,sjit,djit,swin,stcpb,dtcpb,dwin,tcprtt,synack,ackdat,smean,dmean,trans_depth,response_body_len,ct_srv_src,ct_state_ttl,ct_dst_ltm,ct_src_dport_ltm,ct_dst_sport_ltm,ct_dst_src_ltm,is_ftp_login,ct_ftp_cmd,ct_flw_http_mthd,ct_src_ltm,ct_srv_dst,is_sm_ips_ports,attack_cat,expert_pred
1,5e-06,udp,-,INT,2,0,168,0,166666.6604,254,0,112000000.0,0.0,0,0,0.008,0.0,0.0,0.0,0,0,0,0,0.0,0.0,0.0,84,0,0,0,3,2,1,1,1,1,0,0,0,1,1,0,Reconnaissance,DoS
2,6e-06,ptp,-,INT,2,0,208,0,125000.0002,254,0,100000000.0,0.0,0,0,0.008,0.0,0.0,0.0,0,0,0,0,0.0,0.0,0.0,100,0,0,0,2,2,1,1,1,2,0,0,0,26,2,0,Fuzzers,Unknown
3,0.035881,tcp,-,FIN,60,60,3612,49930,3315.871473,31,29,792242.7,10945162.0,7,24,0.602967,0.59796,36.997871,36.958259,255,3251836889,1106775189,255,0.00076,0.000591,0.000143,60,832,0,0,9,0,1,1,1,1,0,0,0,4,3,0,Normal,Unknown
4,0.828187,tcp,-,FIN,18,20,992,5620,44.676177,62,252,9089.790031,51650.48439,6,8,48.716584,43.10042,2402.998771,2329.70337,255,824768709,3427013308,255,0.0543,0.00856,0.045722,55,281,0,0,1,1,1,1,1,1,0,0,0,1,1,0,Exploits,Normal
5,0.002413,udp,dns,CON,2,2,142,176,1242.236022,31,29,241821.9535,294824.0319,0,0,0.008,0.001,0.0,0.0,0,0,0,0,0.0,0.0,0.0,73,89,0,0,4,0,4,1,1,3,0,0,0,1,2,0,Normal,Normal
6,0.0169,tcp,-,FIN,40,40,2544,23400,4730.539049,31,29,1187545.0,10931258.0,7,14,0.419822,0.414898,26.338566,25.258104,255,3421102138,3438912239,255,0.000646,0.000519,0.000137,64,585,0,0,9,0,2,1,1,3,0,0,0,3,6,0,Normal,Unknown
7,0.765945,tcp,ftp,FIN,14,12,752,684,32.639294,254,252,7279.867676,6538.302736,4,4,58.90571,64.387367,3026.566892,78.349036,255,177151243,1059375227,255,0.111538,0.057677,0.053858,54,57,0,0,4,1,1,1,1,4,1,1,0,1,4,0,Fuzzers,Normal
8,7e-06,udp,-,INT,2,0,108,0,333333.3213,254,0,138666656.0,0.0,0,0,0.003,0.0,0.0,0.0,0,0,0,0,0.0,0.0,0.0,52,0,0,0,14,2,10,10,1,14,0,0,0,10,14,0,Fuzzers,DoS
9,0.000876,udp,dns,CON,2,2,146,174,3436.42608,31,29,668957.625,815578.4373,0,0,0.008,0.004,0.0,0.0,0,0,0,0,0.0,0.0,0.0,73,89,0,0,3,0,9,1,1,1,0,0,0,1,3,0,Normal,Normal
10,6e-06,udp,-,INT,2,0,76,0,200000.0057,254,0,62400000.0,0.0,0,0,0.005,0.0,0.0,0.0,0,0,0,0,0.0,0.0,0.0,39,0,0,0,2,2,2,1,1,2,0,0,0,1,6,0,Fuzzers,DoS
11,0.245684,tcp,-,FIN,10,6,694,266,61.054036,254,252,20351.3458,7293.92236,2,1,24.212776,44.42,1259.320643,66.381583,255,2582314035,2889698440,255,0.064768,0.023623,0.041147,69,45,0,0,9,1,3,3,1,9,0,0,0,3,9,0,Fuzzers,Unknown
12,5e-06,udp,dns,INT,2,0,118,0,333333.3212,254,0,152000000.0,0.0,0,0,0.005,0.0,0.0,0.0,0,0,0,0,0.0,0.0,0.0,57,0,0,0,30,2,17,17,17,30,0,0,0,17,30,0,Generic,DoS
13,1e-06,udp,dns,INT,2,0,116,0,200000.0052,254,0,91200000.0,0.0,0,0,0.008,0.0,0.0,0.0,0,0,0,0,0.0,0.0,0.0,57,0,0,0,49,2,41,41,19,49,0,0,0,42,49,0,Generic,DoS
14,8e-06,unas,-,INT,2,0,202,0,166666.6602,254,0,133333328.0,0.0,0,0,0.005,0.0,0.0,0.0,0,0,0,0,0.0,0.0,0.0,100,0,0,0,5,2,4,4,4,5,0,0,0,4,5,0,Backdoor,Unknown
15,0.528797,tcp,-,FIN,12,8,1136,746,35.930749,254,252,15673.37015,9833.678714,3,2,47.296631,72.791718,3435.923829,130.618006,255,662385154,2699519609,255,0.034925,0.019247,0.01562,94,93,0,0,7,1,2,2,1,7,0,0,0,2,7,0,Fuzzers,Unknown
16,0.0,udp,dns,INT,2,0,118,0,125000.0006,254,0,57000000.0,0.0,0,0,0.004,0.0,0.0,0.0,0,0,0,0,0.0,0.0,0.0,57,0,0,0,6,2,6,6,6,6,0,0,0,6,6,0,Generic,DoS
17,6.904251,udp,dns,INT,116,0,9048,0,16.6563,254,0,10393.59379,0.0,0,0,60.036988,0.0,92.109902,0.0,0,0,0,0,0.0,0.0,0.0,78,0,0,0,44,2,5,5,5,5,0,0,0,44,5,0,Fuzzers,Unknown
18,4e-06,udp,dns,INT,2,0,110,0,111111.1079,254,0,50666664.0,0.0,0,0,0.004,0.0,0.0,0.0,0,0,0,0,0.0,0.0,0.0,57,0,0,0,29,2,18,18,18,29,0,0,0,20,29,0,Generic,DoS
19,0.05907,tcp,-,FIN,34,36,2238,13506,1168.501248,31,29,293310.79,1778154.126,7,11,1.779576,1.671317,139.50551,132.150268,255,2685628319,540524548,255,0.000685,0.000546,0.000138,66,375,0,0,6,0,3,1,1,3,0,0,0,7,9,0,Normal,Unknown
20,59.991442,arp,-,INT,2,0,98,0,0.01666,0,0,6.1342,0.0,0,0,59996.031,0.0,11.87539,0.0,0,0,0,0,0.0,0.0,0.0,46,0,0,0,2,2,2,2,2,2,0,0,0,2,2,1,Normal,Unknown
21,0.458755,tcp,http,FIN,10,6,1134,266,32.69697,254,252,17769.7167,3906.198976,2,1,50.973111,85.952,2624.315693,141.29789,255,1813565984,1053837589,255,0.139595,0.02833,0.11123,113,45,0,0,2,1,1,1,1,1,0,0,0,1,1,0,Exploits,Normal
22,0.16042,tcp,-,FIN,68,70,4016,59464,853.965623,31,29,197222.421,2922731.73,7,28,2.425012,2.341643,148.540071,143.166687,255,1325695876,3496878279,255,0.003014,0.001182,0.001829,59,849,0,0,9,0,6,1,1,1,0,0,0,4,7,0,Normal,Unknown
23,0.600755,tcp,-,FIN,10,6,590,262,24.968662,254,252,7071.125486,2982.923093,2,1,62.473882,103.846608,3356.041813,162.631789,255,2536974517,4115830327,255,0.248933,0.081518,0.167413,59,45,0,0,5,1,1,1,1,4,0,0,0,1,4,0,Fuzzers,Unknown
24,8e-05,udp,-,INT,2,0,168,0,100000.0028,254,0,67200000.0,0.0,0,0,0.02,0.0,0.0,0.0,0,0,0,0,0.0,0.0,0.0,84,0,0,0,2,2,11,1,1,1,0,0,0,1,1,0,Reconnaissance,DoS
25,0.0112,tcp,-,FIN,34,36,2230,13504,6111.603287,31,29,1534101.0,9300266.0,7,11,0.341873,0.316023,22.573644,21.187815,255,2514592009,365294853,255,0.000646,0.000532,0.000112,66,375,0,0,6,0,3,1,1,6,0,0,0,4,6,0,Normal,Unknown
26,0.52443,tcp,http,FIN,20,76,1224,94732,181.146637,62,252,17771.4378,1426047.372,2,36,27.601941,6.885308,1348.075436,844.28501,255,2943941975,808451987,255,0.05375,0.007415,0.046346,61,1246,1,45575,1,1,1,1,1,1,0,0,1,1,1,0,Exploits,Normal
27,9e-06,udp,dns,INT,2,0,118,0,500000.0015,254,0,228000000.0,0.0,0,0,0.003,0.0,0.0,0.0,0,0,0,0,0.0,0.0,0.0,57,0,0,0,26,2,27,25,13,26,0,0,0,26,26,0,Generic,DoS
28,1.7e-05,unas,-,INT,2,0,206,0,62500.00015,254,0,50000000.0,0.0,0,0,0.01,0.0,0.0,0.0,0,0,0,0,0.0,0.0,0.0,100,0,0,0,7,2,2,2,2,7,0,0,0,8,7,0,Exploits,Unknown
29,0.428963,tcp,-,FIN,10,6,536,268,34.96806,254,252,8970.470706,4177.516609,2,1,47.657,65.810204,2428.593974,99.402377,255,2847265166,3304307309,255,0.168802,0.099904,0.0687,53,45,0,0,6,1,3,4,2,5,0,0,0,4,5,0,Fuzzers,Unknown
30,9e-06,unas,-,INT,2,0,204,0,111111.1076,254,0,88888888.0,0.0,0,0,0.008,0.0,0.0,0.0,0,0,0,0,0.0,0.0,0.0,100,0,0,0,7,2,2,2,2,7,0,0,0,20,7,0,Exploits,Unknown
31,2e-06,udp,dns,INT,2,0,112,0,111111.1077,254,0,50666664.0,0.0,0,0,0.002,0.0,0.0,0.0,0,0,0,0,0.0,0.0,0.0,57,0,0,0,13,2,10,10,10,13,0,0,0,10,13,0,Generic,DoS
32,1.136759,tcp,http,FIN,10,6,516,260,13.195464,254,252,3258.400638,1576.418451,2,1,126.302,204.461792,6955.953729,353.78928,255,973903607,2468529935,255,0.168425,0.113809,0.054614,51,45,1,0,2,1,1,1,1,2,0,0,1,1,2,0,Fuzzers,Normal
33,0.017022,tcp,-,FIN,48,50,2950,32648,5697.503842,31,29,1361292.22,15032012.0,7,18,0.3719,0.337467,20.631397,19.532908,255,2482376042,2493396780,255,0.000618,0.000485,0.000124,62,653,0,0,8,0,2,1,1,3,0,0,0,2,3,0,Normal,Unknown
34,0.505637,tcp,-,FIN,12,8,1060,754,37.576215,254,252,15489.31057,10505.51852,3,2,41.889634,61.073284,2162.879946,79.847985,255,2362736019,318184565,255,0.142219,0.078129,0.064092,89,95,0,0,5,1,2,2,1,5,0,0,0,2,5,0,Fuzzers,Unknown
35,0.34424,tcp,http,FIN,14,6,8682,266,55.195656,254,252,187363.109,5205.821778,4,1,22.991156,57.665396,1463.216171,74.324578,255,2719976088,817573309,255,0.135406,0.055899,0.079505,620,45,1,0,1,1,3,1,1,1,0,0,1,1,1,0,Worms,Normal
36,5e-06,udp,dns,INT,2,0,110,0,333333.3213,254,0,152000000.0,0.0,0,0,0.006,0.0,0.0,0.0,0,0,0,0,0.0,0.0,0.0,57,0,0,0,15,2,15,15,15,15,0,0,0,15,15,0,Generic,DoS
37,0.949753,tcp,http,FIN,10,8,746,1994,17.899422,62,252,5626.73779,14715.4355,2,2,105.527883,107.821716,5901.606538,208.994186,255,3824647505,1290529327,255,0.224014,0.155027,0.068994,74,250,1,572,1,1,1,1,1,1,0,0,1,3,1,0,Exploits,Normal
38,0.024924,tcp,-,FIN,60,62,3618,50032,4854.36904,31,29,1140656.372,15800049.0,7,24,0.417168,0.4056,22.020637,21.861671,255,2854887932,2855188316,255,0.00077,0.000599,0.000149,60,807,0,0,4,0,4,1,1,1,0,0,0,2,6,0,Normal,Normal
39,0.072088,udp,-,CON,4,4,528,306,97.107582,31,29,43282.23437,25303.4609,0,0,18.990665,7.643,26.848376,10.799644,0,0,0,0,0.0,0.0,0.0,130,76,0,0,9,0,3,1,1,3,0,0,0,4,6,0,Normal,Unknown
40,41.667172,tcp,-,FIN,22,16,5624,706,0.887982,254,252,1031.603399,127.486448,7,1,1981.187711,2773.9943,271610.362,9790.834,255,891104223,753800083,255,0.145763,0.05727,0.088517,256,44,0,0,13,1,4,4,4,6,0,0,0,6,6,0,Fuzzers,Unknown
41,0.840701,tcp,ftp-data,FIN,8,8,366,2402,17.8421,62,252,3035.536621,19983.1562,1,2,119.980432,108.738282,8011.554495,169.749516,255,51021374,3838967031,255,0.119728,0.079538,0.040196,46,300,0,0,1,1,3,1,1,4,0,0,0,3,1,0,Exploits,Normal
42,2e-06,unas,-,INT,2,0,208,0,111111.1076,254,0,88888888.0,0.0,0,0,0.007,0.0,0.0,0.0,0,0,0,0,0.0,0.0,0.0,100,0,0,0,6,2,2,2,2,6,0,0,0,3,6,0,Exploits,Unknown
43,0.25676,tcp,ssh,FIN,32,24,3724,5474,214.206973,31,29,112540.4536,163451.609,7,7,8.5589,11.134653,559.180658,16.870255,255,570437153,570717545,255,0.000655,0.000535,0.000119,117,228,0,0,1,0,5,1,1,2,0,0,0,3,1,0,Normal,Normal
44,5e-06,udp,dns,INT,2,0,114,0,111111.1074,254,0,50666664.0,0.0,0,0,0.005,0.0,0.0,0.0,0,0,0,0,0.0,0.0,0.0,57,0,0,0,28,2,11,11,11,28,0,0,0,12,28,0,Generic,DoS
45,0.00117,udp,dns,CON,2,2,144,178,2631.579067,31,29,512280.7184,624561.4373,0,0,0.01,0.0,0.0,0.0,0,0,0,0,0.0,0.0,0.0,73,89,0,0,5,0,3,1,1,2,0,0,0,1,5,0,Normal,Unknown
46,1.144047,ospf,-,INT,42,0,1896,0,35.837628,254,0,12901.54497,0.0,0,0,27.903631,0.0,29.83152,0.0,0,0,0,0,0.0,0.0,0.0,45,0,0,0,1,2,1,1,1,1,0,0,0,1,1,0,DoS,Unknown
47,0.068925,tcp,-,FIN,60,62,3590,48718,1755.4808,31,29,410753.4067,5562407.0,7,24,1.182962,1.120362,73.219965,70.863771,255,1196811987,1197121152,255,0.000703,0.000579,0.000126,60,786,0,0,5,0,2,1,1,3,0,0,0,6,2,0,Normal,Unknown
48,4e-06,udp,dns,INT,2,0,116,0,333333.3216,254,0,152000000.0,0.0,0,0,0.009,0.0,0.0,0.0,0,0,0,0,0.0,0.0,0.0,57,0,0,0,24,2,8,8,8,24,0,0,0,8,24,0,Generic,DoS
49,12.807508,tcp,http,FIN,14,18,1680,10164,2.420452,31,29,976.92689,5998.980464,3,5,985.166309,753.34917,62473.73202,53768.87167,255,2462429137,318099172,255,0.000711,0.00056,0.000146,120,565,1,3924,3,0,9,2,1,1,0,0,1,3,3,0,Normal,Normal
50,0.623178,tcp,-,FIN,20,8,17938,354,43.326513,254,252,218673.7186,3979.62036,7,1,30.888362,76.176142,2384.575374,96.613606,255,3462367537,2286149717,255,0.157921,0.089937,0.067989,897,44,0,0,4,1,1,1,1,4,0,0,0,1,4,0,Normal,Normal
51,8e-06,udp,dns,INT,2,0,116,0,166666.6607,254,0,76000000.0,0.0,0,0,0.001,0.0,0.0,0.0,0,0,0,0,0.0,0.0,0.0,57,0,0,0,19,2,19,16,16,20,0,0,0,17,19,0,Generic,DoS
52,0.685953,tcp,-,FIN,10,6,590,266,21.86729,254,252,6192.816899,2612.412355,2,1,72.309556,125.664205,3955.731512,196.804711,255,2690038916,4167201063,255,0.0985,0.057622,0.04084,59,45,0,0,10,1,2,2,2,10,0,0,0,2,10,0,Normal,Unknown
53,1.495307,tcp,ssh,FIN,106,116,9404,12402,147.796123,31,29,49820.0,65784.65626,26,31,14.237644,12.997836,803.808019,770.903879,255,2969332622,2965437350,255,0.000674,0.00054,0.000138,89,107,0,0,1,0,2,1,1,2,0,0,0,2,1,0,Normal,Normal
54,1.86794,tcp,http,FIN,10,8,802,2890,9.10092,62,252,3117.868168,10848.29686,2,2,207.549227,294.148652,13248.61873,579.706937,255,2478944149,4111833984,255,0.245263,0.10263,0.142587,81,362,1,1038,1,1,1,1,1,1,0,0,1,1,1,0,Exploits,Normal
55,8e-06,unas,-,INT,2,0,206,0,111111.107,254,0,88888888.0,0.0,0,0,0.006,0.0,0.0,0.0,0,0,0,0,0.0,0.0,0.0,100,0,0,0,5,2,4,4,4,5,0,0,0,4,5,0,Exploits,Unknown
56,7e-06,unas,-,INT,2,0,200,0,111111.1072,254,0,88888888.0,0.0,0,0,0.009,0.0,0.0,0.0,0,0,0,0,0.0,0.0,0.0,100,0,0,0,3,2,2,2,2,4,0,0,0,3,3,0,DoS,Unknown
57,1.004915,tcp,http,FIN,12,18,1586,10162,28.85823,31,29,11535.32719,76456.371,3,5,91.32329,59.085358,9524.501125,7674.72079,255,2912887134,768479754,255,0.000575,0.000455,0.000115,132,565,1,3924,1,0,2,1,1,1,0,0,1,1,2,0,Normal,Normal
58,0.00103,udp,dns,CON,2,2,148,178,2892.960514,31,29,563163.0,686595.9378,0,0,0.007,0.008,0.0,0.0,0,0,0,0,0.0,0.0,0.0,73,89,0,0,3,0,1,1,1,2,0,0,0,3,3,0,Normal,Normal
59,3e-06,udp,dns,INT,2,0,114,0,500000.0017,254,0,228000000.0,0.0,0,0,0.009,0.0,0.0,0.0,0,0,0,0,0.0,0.0,0.0,57,0,0,0,25,2,8,8,5,25,0,0,0,8,25,0,Generic,DoS
60,0.653886,tcp,ssh,FIN,106,114,9400,12298,334.919746,31,29,113927.773,149150.9217,26,31,6.22469,5.781232,335.074309,324.322724,255,1342194981,3492086252,255,0.000741,0.000598,0.000141,89,108,0,0,1,0,4,1,1,1,0,0,0,3,1,0,Normal,Normal
61,3e-06,udp,dns,INT,2,0,112,0,111111.1078,254,0,50666664.0,0.0,0,0,0.001,0.0,0.0,0.0,0,0,0,0,0.0,0.0,0.0,57,0,0,0,9,2,9,9,9,9,0,0,0,9,9,0,Generic,DoS
62,6e-06,udp,dns,INT,2,0,118,0,500000.0014,254,0,228000000.0,0.0,0,0,0.008,0.0,0.0,0.0,0,0,0,0,0.0,0.0,0.0,57,0,0,0,16,2,16,16,16,16,0,0,0,16,16,0,Generic,DoS
63,0.456563,tcp,http,FIN,38,10,42080,444,102.94262,254,252,718075.1878,6938.770996,16,1,11.93202,50.017552,1462.094768,110.763918,255,2859285201,2360183926,255,0.052915,0.006396,0.046515,1108,44,1,0,1,1,1,1,1,1,0,0,1,1,1,0,Exploits,Normal
64,0.501795,tcp,http,FIN,10,8,1014,960,33.87822,62,252,14619.45708,13503.4677,2,2,55.650885,67.08685,2952.949246,123.03771,255,1732105264,2265184245,255,0.076835,0.032182,0.044641,102,121,1,0,1,1,1,1,1,1,0,0,1,1,1,0,Generic,Normal
65,0.80607,tcp,http,FIN,20,36,2430,40018,68.23399,62,252,22916.69337,386090.1873,6,16,42.423687,22.104222,2189.795995,1685.970911,255,3672891004,2723139094,255,0.08397,0.031442,0.05254,122,1111,1,109,1,1,1,1,1,1,0,0,1,1,1,0,Exploits,Normal
66,8e-06,udp,dns,INT,2,0,118,0,111111.1076,254,0,50666664.0,0.0,0,0,0.009,0.0,0.0,0.0,0,0,0,0,0.0,0.0,0.0,57,0,0,0,17,2,17,17,17,17,0,0,0,17,17,0,Generic,DoS
67,8e-06,udp,dns,INT,2,0,116,0,333333.3215,254,0,152000000.0,0.0,0,0,0.003,0.0,0.0,0.0,0,0,0,0,0.0,0.0,0.0,57,0,0,0,32,2,18,16,16,32,0,0,0,16,32,0,Generic,DoS
68,4e-06,unas,-,INT,2,0,204,0,111111.1076,254,0,88888888.0,0.0,0,0,0.008,0.0,0.0,0.0,0,0,0,0,0.0,0.0,0.0,100,0,0,0,3,2,3,2,2,5,0,0,0,4,3,0,DoS,Unknown
69,0.44899,tcp,-,FIN,10,8,498,350,37.866131,254,252,7858.336425,5524.000489,2,1,48.274447,58.891286,3229.097298,119.552897,255,1119625339,3220358154,255,0.088135,0.036705,0.05143,49,44,0,0,10,1,2,2,1,9,0,0,0,3,9,0,Normal,Unknown
70,8e-06,ggp,-,INT,2,0,186,0,111111.1075,254,0,80000000.0,0.0,0,0,0.006,0.0,0.0,0.0,0,0,0,0,0.0,0.0,0.0,90,0,0,0,4,2,2,2,2,3,0,0,0,2,3,0,Reconnaissance,Unknown
71,4e-06,udp,dns,INT,2,0,116,0,200000.0052,254,0,91200000.0,0.0,0,0,0.007,0.0,0.0,0.0,0,0,0,0,0.0,0.0,0.0,57,0,0,0,22,2,19,16,16,22,0,0,0,17,22,0,Generic,DoS
72,31.211932,tcp,-,FIN,20,14,3220,626,1.057284,254,252,785.084227,148.148436,4,1,1641.438685,2399.39927,221392.0904,8128.8126,255,245828281,2447036587,255,0.037702,0.019731,0.017968,161,44,0,0,4,1,3,3,2,4,0,0,0,3,4,0,Fuzzers,Normal
73,9.647354,tcp,-,REQ,4,0,182,0,0.310967,254,0,111.947816,0.0,3,0,3215.787,0.0,4547.7928,0.0,255,0,0,0,0.0,0.0,0.0,45,0,0,0,6,6,6,2,2,5,0,0,0,4,6,0,Normal,Unknown
74,5e-06,unas,-,INT,2,0,204,0,125000.0008,254,0,100000000.0,0.0,0,0,0.001,0.0,0.0,0.0,0,0,0,0,0.0,0.0,0.0,100,0,0,0,4,2,2,2,2,4,0,0,0,2,4,0,Exploits,Unknown
75,9e-06,udp,dns,INT,2,0,114,0,111111.1077,254,0,50666664.0,0.0,0,0,0.002,0.0,0.0,0.0,0,0,0,0,0.0,0.0,0.0,57,0,0,0,23,2,16,16,16,23,0,0,0,16,23,0,Generic,DoS
76,0.96196,tcp,-,FIN,10,8,564,356,17.672082,254,252,4224.668451,2578.04565,2,1,103.874558,129.042855,7668.36329,181.573206,255,2639502731,770959663,255,0.13305,0.05868,0.0743,56,44,0,0,1,1,1,1,1,1,0,0,0,2,1,0,Reconnaissance,Normal
77,0.99132,tcp,-,FIN,14,12,1080,674,25.218822,254,252,8126.513678,5019.554689,4,4,76.255619,84.567541,4104.607359,114.577854,255,1347215533,507147484,255,0.125172,0.059963,0.0652,77,57,0,0,4,1,1,1,1,4,0,0,0,1,4,0,Fuzzers,Normal
78,2.573794,tcp,smtp,FIN,48,24,41122,1950,27.585682,62,252,125175.2815,5827.960936,21,8,54.761681,107.420131,3891.769703,127.231227,255,3383712021,2582804074,255,0.19421,0.103123,0.091141,857,82,0,0,1,1,1,1,1,1,0,0,0,1,1,0,Exploits,Normal
79,6e-06,udp,dns,INT,2,0,116,0,111111.107,254,0,50666664.0,0.0,0,0,0.008,0.0,0.0,0.0,0,0,0,0,0.0,0.0,0.0,57,0,0,0,17,2,17,17,17,17,0,0,0,17,17,0,Generic,DoS
80,3e-06,udp,dns,INT,2,0,110,0,111111.107,254,0,50666664.0,0.0,0,0,0.004,0.0,0.0,0.0,0,0,0,0,0.0,0.0,0.0,57,0,0,0,31,2,14,14,14,31,0,0,0,14,31,0,Generic,DoS
81,2e-06,ipip,-,INT,2,0,202,0,111111.1075,254,0,88888888.0,0.0,0,0,0.002,0.0,0.0,0.0,0,0,0,0,0.0,0.0,0.0,100,0,0,0,9,2,5,4,4,11,0,0,0,5,9,0,Exploits,Unknown
82,8e-06,unas,-,INT,2,0,200,0,200000.0057,254,0,160000000.0,0.0,0,0,0.005,0.0,0.0,0.0,0,0,0,0,0.0,0.0,0.0,100,0,0,0,3,2,2,2,2,3,0,0,0,2,3,0,DoS,Unknown
83,1e-06,udp,dns,INT,2,0,118,0,111111.1078,254,0,50666664.0,0.0,0,0,0.006,0.0,0.0,0.0,0,0,0,0,0.0,0.0,0.0,57,0,0,0,17,2,17,17,17,17,0,0,0,17,17,0,Generic,DoS
84,3e-06,ddp,-,INT,2,0,200,0,142857.1408,254,0,114285712.0,0.0,0,0,0.006,0.0,0.0,0.0,0,0,0,0,0.0,0.0,0.0,100,0,0,0,3,2,2,1,1,3,0,0,0,1,3,0,DoS,Unknown
85,0.227163,tcp,http,FIN,10,8,800,2104,74.834483,62,252,25566.98248,64727.42964,2,2,25.240889,30.67,1362.029409,54.681745,255,582261455,12612229,255,0.052229,0.00649,0.045747,81,263,0,0,1,1,1,1,1,2,0,0,0,1,1,0,Exploits,Normal
86,0.763804,tcp,-,FIN,12,8,1100,704,24.875529,254,252,10620.53903,6472.873043,3,2,69.346996,96.446717,3504.761208,118.011238,255,3283886172,2819376231,255,0.161095,0.08866,0.072422,92,88,0,0,2,1,1,1,1,2,0,0,0,1,2,0,Fuzzers,Normal
87,1.137771,tcp,-,FIN,22,12,17758,940,29.003899,254,252,119172.623,6074.998535,8,2,50.833332,92.816639,3983.627185,158.100126,255,2299526809,3180116930,255,0.182742,0.116788,0.065951,807,79,0,0,5,1,1,1,1,5,0,0,0,1,5,0,Fuzzers,Unknown
88,0.459756,tcp,http,FIN,10,8,858,2156,36.976538,62,252,13311.55276,32748.16016,2,2,51.083447,47.797711,2584.73344,70.512358,255,2319451610,303350325,255,0.115239,0.061923,0.053308,85,269,1,653,2,1,1,1,1,1,0,0,1,1,1,0,Exploits,Normal
89,0.001008,udp,dns,CON,2,2,146,170,2976.1903,31,29,579365.0623,706349.1879,0,0,0.009,0.001,0.0,0.0,0,0,0,0,0.0,0.0,0.0,73,89,0,0,4,0,2,1,1,1,0,0,0,1,2,0,Normal,Normal
90,0.003488,tcp,ftp-data,FIN,6,8,322,1930,3730.272608,31,29,612912.3,3877188.0,1,2,0.6202,0.426714,36.06794,0.592781,255,1533194808,1536965687,255,0.000615,0.00049,0.000117,53,241,0,0,3,0,7,1,1,5,0,0,0,5,3,0,Normal,Normal
91,0.007843,tcp,ftp-data,FIN,14,6,8922,322,2423.160204,31,29,8459125.0,272414.2183,4,1,0.603153,1.4461,34.211654,2.421692,255,3714268670,1580754349,255,0.000587,0.00046,0.00016,638,53,0,0,5,0,5,1,1,4,0,0,0,7,3,0,Normal,Unknown
92,1.888732,tcp,-,FIN,38,42,2434,18612,41.826935,31,29,10055.40728,76957.32819,7,13,51.038546,46.055021,2952.256124,2800.65056,255,917041801,2383424177,255,0.00052,0.000476,0.000112,64,443,0,0,8,0,8,1,1,1,0,0,0,8,10,0,Normal,Unknown
93,0.006087,tcp,ssh,FIN,32,24,3720,5472,9032.681834,31,29,4745607.0,6892429.0,7,7,0.19641,0.236264,12.4387,0.346229,255,1403764948,1404023940,255,0.000642,0.00053,0.000115,117,228,0,0,2,0,3,2,1,3,0,0,0,3,1,0,Normal,Normal
94,5e-05,ipcv,-,INT,2,0,208,0,100000.0027,254,0,80000000.0,0.0,0,0,0.08,0.0,0.0,0.0,0,0,0,0,0.0,0.0,0.0,100,0,0,0,4,2,3,3,3,4,0,0,0,3,4,0,Exploits,Unknown
95,3.631893,tcp,ssh,FIN,108,114,9500,12294,60.849746,31,29,20740.67573,26853.18555,26,31,34.260489,32.422264,2440.813776,2373.5752,255,1115373237,3261056448,255,0.00072,0.00059,0.000132,88,108,0,0,1,0,2,1,1,2,0,0,0,3,4,0,Normal,Normal
96,0.001015,udp,dns,CON,2,2,130,162,2946.954956,31,29,510805.5316,636542.29,0,0,0.0,0.007,0.0,0.0,0,0,0,0,0.0,0.0,0.0,65,81,0,0,2,0,2,2,1,2,0,0,0,4,1,0,Normal,Normal
97,1.2e-05,udp,-,INT,2,0,804,0,83333.33034,254,0,268666656.0,0.0,0,0,0.015,0.0,0.0,0.0,0,0,0,0,0.0,0.0,0.0,403,0,0,0,1,2,1,1,1,1,0,0,0,1,1,0,Shellcode,Unknown
98,0.859915,tcp,-,FIN,10,8,456,446,19.769376,254,252,3795.719721,3618.958257,2,2,95.546227,119.89871,6194.68323,251.662608,255,4104518918,3380928164,255,0.101205,0.020276,0.080939,45,56,0,0,3,1,1,1,1,1,0,0,0,2,1,0,Backdoor,Normal
99,0.0,arp,-,INT,1,0,40,0,0.0,0,0,0.0,0.0,0,0,0.0,0.0,0.0,0.0,0,0,0,0,0.0,0.0,0.0,46,0,0,0,2,2,2,2,2,2,0,0,0,2,2,1,Normal,Unknown
100,0.027892,tcp,-,FIN,48,50,2958,33044,3476.827023,31,29,830710.73,9286067.0,7,18,0.599602,0.557956,39.310894,37.991075,255,287107569,2459829759,255,0.000693,0.000554,0.000133,62,661,0,0,9,0,3,1,1,1,0,0,0,2,11,0,Normal,Unknown
101,0.0,udp,dns,INT,2,0,118,0,100000.0029,254,0,45600000.0,0.0,0,0,0.05,0.0,0.0,0.0,0,0,0,0,0.0,0.0,0.0,57,0,0,0,18,2,18,18,18,18,0,0,0,20,18,0,Generic,DoS
102,8e-06,udp,dns,INT,2,0,118,0,111111.1075,254,0,50666664.0,0.0,0,0,0.0,0.0,0.0,0.0,0,0,0,0,0.0,0.0,0.0,57,0,0,0,23,2,16,16,16,23,0,0,0,16,23,0,Generic,DoS
103,8e-06,nvp,-,INT,2,0,182,0,111111.1073,254,0,80000000.0,0.0,0,0,0.007,0.0,0.0,0.0,0,0,0,0,0.0,0.0,0.0,90,0,0,0,10,2,8,8,8,10,0,0,0,8,10,0,Exploits,Unknown
104,6e-06,udp,dns,INT,2,0,114,0,166666.6609,254,0,76000000.0,0.0,0,0,0.0,0.0,0.0,0.0,0,0,0,0,0.0,0.0,0.0,57,0,0,0,32,2,17,16,16,33,0,0,0,17,32,0,Generic,DoS
105,9e-06,udp,dns,INT,2,0,112,0,111111.1077,254,0,50666664.0,0.0,0,0,0.001,0.0,0.0,0.0,0,0,0,0,0.0,0.0,0.0,57,0,0,0,24,2,8,8,8,24,0,0,0,8,24,0,Generic,DoS
106,0.0,arp,-,INT,1,0,42,0,0.0,0,0,0.0,0.0,0,0,60000.898,0.0,0.0,0.0,0,0,0,0,0.0,0.0,0.0,46,0,0,0,1,2,1,1,1,1,0,0,0,1,1,1,Normal,Unknown
107,0.628959,tcp,http,FIN,10,6,762,268,23.84893,254,252,8750.982421,2849.15698,2,1,69.096441,121.585607,5338.944561,234.403217,255,1725666225,2984167091,255,0.04279,0.021026,0.02171,76,45,0,0,1,1,1,1,1,1,0,0,0,1,1,0,Exploits,Normal
108,0.0,udp,dns,INT,2,0,118,0,125000.0008,254,0,57000000.0,0.0,0,0,0.008,0.0,0.0,0.0,0,0,0,0,0.0,0.0,0.0,57,0,0,0,24,2,8,7,7,24,0,0,0,7,24,0,Generic,DoS
109,7e-06,unas,-,INT,2,0,206,0,111111.1078,254,0,88888888.0,0.0,0,0,0.006,0.0,0.0,0.0,0,0,0,0,0.0,0.0,0.0,100,0,0,0,3,2,2,2,2,3,0,0,0,3,3,0,Exploits,Unknown
110,5.60779,tcp,smtp,FIN,88,32,94006,2144,21.220636,62,252,132580.8126,2963.042233,41,8,64.456898,178.112155,10364.57056,515.13072,255,4172134275,2018348997,255,0.180799,0.08558,0.095243,1068,67,0,0,1,1,1,1,1,2,0,0,0,1,1,0,Exploits,Normal
111,2.138242,tcp,smtp,FIN,90,32,94160,2278,56.58839,62,252,348386.0,8257.223634,42,8,24.025261,67.590489,2275.213793,95.67879,255,4226424856,804361983,255,0.09035,0.041881,0.048475,1046,71,0,0,1,1,1,1,1,1,0,0,0,3,1,0,Exploits,Normal
112,4e-06,unas,-,INT,2,0,202,0,111111.1075,254,0,88888888.0,0.0,0,0,0.002,0.0,0.0,0.0,0,0,0,0,0.0,0.0,0.0,100,0,0,0,6,2,2,2,2,6,0,0,0,3,6,0,Reconnaissance,Unknown
113,8e-06,udp,dns,INT,2,0,118,0,111111.1074,254,0,50666664.0,0.0,0,0,0.0,0.0,0.0,0.0,0,0,0,0,0.0,0.0,0.0,57,0,0,0,34,2,27,27,12,34,0,0,0,27,34,0,Generic,DoS
114,9e-06,udp,dns,INT,2,0,110,0,111111.107,254,0,50666664.0,0.0,0,0,0.001,0.0,0.0,0.0,0,0,0,0,0.0,0.0,0.0,57,0,0,0,22,2,17,17,17,22,0,0,0,17,22,0,Generic,DoS
115,1.23157,tcp,-,FIN,10,8,700,356,13.803518,254,252,4131.312011,2013.689811,2,1,135.375888,168.426851,8263.413957,342.308594,255,1909257599,2896636523,255,0.11546,0.052576,0.062904,71,44,0,0,3,1,2,2,2,2,0,0,0,3,2,0,Fuzzers,Normal
116,7e-06,udp,-,INT,2,0,162,0,250000.0008,254,0,168000000.0,0.0,0,0,0.006,0.0,0.0,0.0,0,0,0,0,0.0,0.0,0.0,84,0,0,0,1,2,1,1,1,1,0,0,0,2,1,0,Reconnaissance,DoS
117,2.096616,tcp,smtp,FIN,32,22,18876,1882,25.27887,62,252,69758.28904,6872.04248,13,8,67.63266,96.92318,4100.31168,119.919346,255,1120228974,3295834370,255,0.139446,0.060203,0.079247,590,86,0,0,2,1,1,1,1,5,0,0,0,1,1,0,Exploits,Normal
118,1.412179,tcp,ftp,FIN,20,22,1072,1632,29.033291,62,252,5772.667966,8837.450194,7,9,74.32486,62.58181,3806.26716,3488.044387,255,1418266864,964238660,255,0.107805,0.07419,0.033693,54,74,0,0,1,1,2,1,1,2,1,1,0,2,1,0,Exploits,Normal
119,0.730926,tcp,-,FIN,122,126,7810,15096,337.92657,31,29,84845.5621,163879.3433,30,32,6.088051,5.843271,424.78334,418.953987,255,4216508076,2072095566,255,0.000639,0.000511,0.000124,64,120,0,0,2,0,3,1,1,4,0,0,0,1,1,0,Normal,Normal
120,2e-06,udp,dns,INT,2,0,110,0,125000.0002,254,0,57000000.0,0.0,0,0,0.0,0.0,0.0,0.0,0,0,0,0,0.0,0.0,0.0,57,0,0,0,34,2,34,34,18,34,0,0,0,34,34,0,Generic,DoS
121,0.001033,udp,dns,CON,2,2,146,178,2898.55082,31,29,564251.27,687922.72,0,0,0.002,0.003,0.0,0.0,0,0,0,0,0.0,0.0,0.0,73,89,0,0,2,0,2,2,1,1,0,0,0,3,4,0,Normal,Normal
122,7e-06,udp,dns,INT,2,0,116,0,125000.0005,254,0,57000000.0,0.0,0,0,0.001,0.0,0.0,0.0,0,0,0,0,0.0,0.0,0.0,57,0,0,0,26,2,16,16,16,26,0,0,0,16,26,0,Generic,DoS
123,0.0,arp,-,INT,1,0,42,0,0.0,0,0,0.0,0.0,0,0,60000.742,0.0,15.492027,0.0,0,0,0,0,0.0,0.0,0.0,46,0,0,0,2,2,2,2,2,2,0,0,0,2,2,1,Normal,Unknown
124,0.010931,tcp,-,FIN,34,36,2232,13504,6312.32268,31,29,1584484.3,9605708.0,7,11,0.331624,0.296545,0.0,21.883324,255,3515691805,1370566453,255,0.000691,0.000542,0.000149,66,375,0,0,7,0,5,1,1,1,0,0,0,6,6,0,Normal,Unknown
125,0.559458,tcp,-,FIN,10,8,496,352,30.386821,254,252,6306.15966,4432.901365,2,1,58.263661,68.658859,3803.903382,105.811999,255,1077062409,1423843605,255,0.107551,0.078835,0.028729,49,44,0,0,6,1,2,2,1,6,0,0,0,2,6,0,Fuzzers,Unknown
126,5e-06,udp,dns,INT,2,0,118,0,1000000.001,254,0,456000000.0,0.0,0,0,0.003,0.0,0.0,0.0,0,0,0,0,0.0,0.0,0.0,57,0,0,0,14,2,10,10,10,14,0,0,0,11,14,0,Generic,DoS
127,0.005537,tcp,-,FIN,22,24,2052,2478,8133.020076,31,29,2835351.1,3433941.74,6,6,0.247288,0.215955,15.09572,12.952649,255,317692716,2463334822,255,0.000696,0.000569,0.00019,93,103,0,0,4,0,2,1,1,3,0,0,0,2,3,0,Normal,Normal
128,0.797282,tcp,ftp-data,FIN,8,10,368,3750,21.32238,62,252,3200.85499,33904.98046,1,3,113.898148,78.47088,7732.627235,6465.361497,255,1534802356,3155028610,255,0.127717,0.090317,0.037408,46,375,0,0,1,1,1,1,1,2,0,0,0,1,1,0,Exploits,Normal
129,6.484085,ospf,-,INT,82,0,5240,0,12.492115,254,0,6395.964352,0.0,0,0,80.050489,0.0,117.688923,0.0,0,0,0,0,0.0,0.0,0.0,64,0,0,0,1,2,1,1,1,1,0,0,0,3,1,0,Exploits,Unknown
130,0.097019,tcp,-,FIN,72,74,4234,63510,1494.675869,31,29,344703.1872,5167084.0,7,30,1.3619,1.338974,80.16074,79.28457,255,1061940784,1062249289,255,0.000735,0.000598,0.000141,59,858,0,0,5,0,2,1,1,3,0,0,0,2,6,0,Normal,Unknown
131,5e-06,udp,dns,INT,2,0,110,0,333333.321,254,0,152000000.0,0.0,0,0,0.008,0.0,0.0,0.0,0,0,0,0,0.0,0.0,0.0,57,0,0,0,29,2,17,17,17,29,0,0,0,18,29,0,Generic,DoS
132,0.666276,tcp,-,FIN,10,8,2518,352,25.515106,254,252,27196.10159,3722.203619,2,1,69.613886,80.364141,4361.408886,125.832,255,3860277918,3170123584,255,0.189534,0.10371,0.085823,252,44,0,0,6,1,1,1,1,5,0,0,0,1,5,0,Fuzzers,Unknown
133,1.201042,tcp,http,FIN,10,8,894,352,14.154321,254,252,5335.349609,2064.866694,2,1,131.488115,162.297149,8618.432146,234.12926,255,2843345092,2632272009,255,0.145235,0.064965,0.080279,89,44,1,0,1,1,1,1,1,1,0,0,1,3,2,0,Exploits,Normal
134,0.949778,tcp,ssh,FIN,32,26,3722,5578,60.014026,31,29,30423.95112,45181.08203,7,7,30.633,37.963559,1978.872847,58.651631,255,3569805883,1424720668,255,0.000705,0.000563,0.00013,117,215,0,0,2,0,4,1,1,2,0,0,0,2,2,0,Normal,Normal
135,22.306392,tcp,http,FIN,8,10,1058,826,0.762119,31,29,330.308891,266.11206,2,2,3186.561143,2478.423,263076.7889,6966.226,255,661938868,2812604248,255,0.000708,0.000536,0.000169,132,82,1,83,8,0,5,8,1,2,0,0,1,9,4,0,Normal,Unknown
136,1.5e-05,udp,dns,INT,2,0,118,0,66666.66832,254,0,30400000.0,0.0,0,0,0.014,0.0,0.0,0.0,0,0,0,0,0.0,0.0,0.0,57,0,0,0,32,2,16,16,16,32,0,0,0,17,32,0,Generic,Unknown
137,2e-06,udp,dns,INT,2,0,110,0,250000.0,254,0,114000000.0,0.0,0,0,0.005,0.0,0.0,0.0,0,0,0,0,0.0,0.0,0.0,57,0,0,0,33,2,33,33,17,33,0,0,0,33,33,0,Generic,DoS
138,0.024932,tcp,-,FIN,60,62,3614,50034,4853.006216,31,29,1140336.124,15795613.0,7,24,0.423985,0.395,22.4239,21.766736,255,2160499474,15424277,255,0.000717,0.000587,0.000125,60,807,0,0,10,0,6,1,1,1,0,0,0,3,12,0,Normal,Unknown
139,1e-06,udp,dns,INT,2,0,110,0,111111.1078,254,0,50666664.0,0.0,0,0,0.002,0.0,0.0,0.0,0,0,0,0,0.0,0.0,0.0,57,0,0,0,28,2,17,17,17,28,0,0,0,17,28,0,Generic,DoS
140,1.268651,tcp,ftp,FIN,52,54,2932,3748,82.764559,31,29,18148.29685,23161.46488,11,15,24.869607,23.927304,1984.862438,60.087808,255,1053310648,1078326958,255,0.000629,0.000505,0.000117,56,69,0,0,1,0,4,1,1,5,1,1,0,3,1,0,Normal,Normal
141,0.93187,tcp,http,FIN,10,8,1162,1810,18.24286,254,252,8979.78412,13632.78805,2,2,103.541227,117.279144,5435.469677,216.977481,255,427352678,2667688083,255,0.187988,0.084396,0.103596,116,227,1,477,2,1,1,1,1,2,0,0,1,1,2,0,Generic,Normal
142,7e-06,udp,dns,INT,2,0,114,0,111111.1077,254,0,50666664.0,0.0,0,0,0.001,0.0,0.0,0.0,0,0,0,0,0.0,0.0,0.0,57,0,0,0,31,2,17,16,16,31,0,0,0,16,31,0,Generic,DoS
143,2.697192,tcp,-,FIN,20,18,1094,3714,13.71799,62,252,3078.750735,10398.94047,6,7,141.909412,154.367063,8088.98623,212.982641,255,3823640228,3443086670,255,0.14751,0.072955,0.074625,55,206,0,0,2,1,1,1,1,2,0,0,0,1,4,0,Exploits,Normal
144,2.8e-05,unas,-,INT,2,0,208,0,38461.5381,254,0,30769232.0,0.0,0,0,0.021,0.0,0.0,0.0,0,0,0,0,0.0,0.0,0.0,100,0,0,0,5,2,2,2,2,5,0,0,0,2,5,0,Exploits,Unknown
145,0.627219,tcp,http,FIN,10,10,858,1324,30.292831,62,252,9782.992184,15229.3259,2,2,69.690117,63.06,4163.795824,137.129017,255,4174139342,3627763432,255,0.091949,0.02974,0.062209,85,133,1,196,1,1,1,1,1,1,0,0,1,26,1,0,Normal,Normal
146,2e-06,udp,dns,INT,2,0,112,0,500000.0011,254,0,228000000.0,0.0,0,0,0.006,0.0,0.0,0.0,0,0,0,0,0.0,0.0,0.0,57,0,0,0,25,2,19,18,18,25,0,0,0,18,25,0,Generic,DoS
147,5e-06,udp,dns,INT,2,0,114,0,333333.3214,254,0,152000000.0,0.0,0,0,0.007,0.0,0.0,0.0,0,0,0,0,0.0,0.0,0.0,57,0,0,0,33,2,18,17,17,33,0,0,0,17,33,0,Generic,DoS
148,3e-06,udp,dns,INT,2,0,110,0,333333.3218,254,0,152000000.0,0.0,0,0,0.005,0.0,0.0,0.0,0,0,0,0,0.0,0.0,0.0,57,0,0,0,29,2,17,16,16,29,0,0,0,16,29,0,Generic,DoS
149,0.00105,udp,dns,CON,2,2,130,164,2851.711083,31,29,494296.5933,615969.629,0,0,0.001,0.003,0.0,0.0,0,0,0,0,0.0,0.0,0.0,65,81,0,0,1,0,3,1,1,2,0,0,0,5,2,0,Normal,Normal
150,1e-06,unas,-,INT,2,0,200,0,333333.3218,254,0,266666656.0,0.0,0,0,0.006,0.0,0.0,0.0,0,0,0,0,0.0,0.0,0.0,100,0,0,0,5,2,3,3,3,5,0,0,0,3,5,0,DoS,Unknown
